image_name,breed,cluster
0001.jpg,abyssinian,1
0002.jpg,abyssinian,2
0003.jpg,abyssinian,2
0004.jpg,abyssinian,3
0005.jpg,abyssinian,3
0006.jpg,abyssinian,1
0007.jpg,abyssinian,2
0008.jpg,abyssinian,2
0009.jpg,abyssinian,1
0010.jpg,abyssinian,3
0011.jpg,abyssinian,2
0012.jpg,abyssinian,0
0013.jpg,abyssinian,0
0014.jpg,abyssinian,0
0015.jpg,abyssinian,2
0016.jpg,abyssinian,2
0017.jpg,abyssinian,3
0018.jpg,abyssinian,0
0019.jpg,abyssinian,3
0020.jpg,abyssinian,2
0021.jpg,abyssinian,0
0022.jpg,abyssinian,3
0023.jpg,abyssinian,2
0024.jpg,abyssinian,2
0025.jpg,abyssinian,2
0026.jpg,abyssinian,0
0027.jpg,abyssinian,0
0028.jpg,abyssinian,1
0029.jpg,abyssinian,1
0030.jpg,abyssinian,0
0031.jpg,abyssinian,0
0032.jpg,abyssinian,2
0033.jpg,abyssinian,1
0034.jpg,abyssinian,2
0035.jpg,abyssinian,2
0036.jpg,abyssinian,2
0037.jpg,abyssinian,3
0038.jpg,abyssinian,3
0039.jpg,abyssinian,0
0040.jpg,abyssinian,2
0041.jpg,abyssinian,2
0042.jpg,abyssinian,2
0043.jpg,abyssinian,0
0044.jpg,abyssinian,1
0045.jpg,abyssinian,2
0046.jpg,abyssinian,2
0047.jpg,abyssinian,1
0048.jpg,abyssinian,1
0049.jpg,abyssinian,4
0050.jpg,abyssinian,0
0051.jpg,abyssinian,2
0052.jpg,abyssinian,0
0053.jpg,abyssinian,3
0054.jpg,abyssinian,2
0055.jpg,abyssinian,3
0056.jpg,abyssinian,0
0057.jpg,abyssinian,2
0058.jpg,abyssinian,0
0059.jpg,abyssinian,2
0060.jpg,abyssinian,2
0061.jpg,abyssinian,0
0062.jpg,abyssinian,1
0063.jpg,abyssinian,0
0064.jpg,abyssinian,2
0065.jpg,abyssinian,0
0066.jpg,abyssinian,2
0067.jpg,abyssinian,2
0068.jpg,abyssinian,2
0069.jpg,abyssinian,1
0070.jpg,abyssinian,3
0071.jpg,abyssinian,2
0072.jpg,abyssinian,0
0073.jpg,abyssinian,1
0074.jpg,abyssinian,0
0075.jpg,abyssinian,1
0076.jpg,abyssinian,0
0077.jpg,abyssinian,3
0078.jpg,abyssinian,0
0079.jpg,abyssinian,1
0080.jpg,abyssinian,2
0081.jpg,abyssinian,3
0082.jpg,abyssinian,2
0083.jpg,abyssinian,2
0084.jpg,abyssinian,3
0085.jpg,abyssinian,2
0086.jpg,abyssinian,3
0087.jpg,abyssinian,3
0088.jpg,abyssinian,3
0089.jpg,abyssinian,3
0090.jpg,abyssinian,3
0091.jpg,abyssinian,1
0092.jpg,abyssinian,0
0093.jpg,abyssinian,2
0094.jpg,abyssinian,3
0095.jpg,abyssinian,3
0096.jpg,abyssinian,2
0097.jpg,abyssinian,3
0098.jpg,abyssinian,1
0099.jpg,abyssinian,0
0100.jpg,abyssinian,3
0101.jpg,abyssinian,3
0102.jpg,abyssinian,0
0103.jpg,abyssinian,2
0104.jpg,abyssinian,0
0105.jpg,abyssinian,2
0106.jpg,abyssinian,1
0107.jpg,abyssinian,0
0108.jpg,abyssinian,1
0109.jpg,abyssinian,3
0110.jpg,abyssinian,1
0111.jpg,abyssinian,2
0112.jpg,abyssinian,0
0113.jpg,abyssinian,2
0114.jpg,abyssinian,0
0115.jpg,abyssinian,2
0116.jpg,abyssinian,4
0117.jpg,abyssinian,1
0118.jpg,abyssinian,0
0119.jpg,abyssinian,0
0120.jpg,abyssinian,2
0121.jpg,abyssinian,2
0122.jpg,abyssinian,3
0123.jpg,abyssinian,3
0124.jpg,abyssinian,3
0125.jpg,abyssinian,2
0126.jpg,abyssinian,2
0127.jpg,abyssinian,2
0128.jpg,abyssinian,2
0129.jpg,abyssinian,0
0130.jpg,abyssinian,3
0131.jpg,abyssinian,3
0132.jpg,abyssinian,3
0133.jpg,abyssinian,3
0134.jpg,abyssinian,2
0135.jpg,abyssinian,2
0136.jpg,abyssinian,3
0137.jpg,abyssinian,0
0138.jpg,abyssinian,2
0139.jpg,abyssinian,1
0140.jpg,abyssinian,0
0141.jpg,abyssinian,2
0142.jpg,abyssinian,1
0143.jpg,abyssinian,0
0144.jpg,abyssinian,2
0145.jpg,abyssinian,2
0146.jpg,abyssinian,3
0147.jpg,abyssinian,2
0148.jpg,abyssinian,0
0149.jpg,abyssinian,2
0150.jpg,abyssinian,1
0151.jpg,abyssinian,3
0152.jpg,abyssinian,0
0153.jpg,abyssinian,1
0154.jpg,abyssinian,2
0155.jpg,abyssinian,2
0156.jpg,abyssinian,3
0157.jpg,abyssinian,3
0158.jpg,abyssinian,2
0159.jpg,abyssinian,0
0160.jpg,abyssinian,2
0161.jpg,abyssinian,0
0162.jpg,abyssinian,1
0163.jpg,abyssinian,2
0164.jpg,abyssinian,0
0165.jpg,abyssinian,0
0166.jpg,abyssinian,0
0167.jpg,abyssinian,1
0168.jpg,abyssinian,2
0169.jpg,abyssinian,0
0170.jpg,abyssinian,0
0171.jpg,abyssinian,3
0172.jpg,abyssinian,2
0173.jpg,abyssinian,2
0174.jpg,abyssinian,3
0175.jpg,abyssinian,3
0176.jpg,abyssinian,0
0177.jpg,abyssinian,2
0178.jpg,abyssinian,1
0179.jpg,abyssinian,0
0180.jpg,abyssinian,0
0181.jpg,abyssinian,3
0182.jpg,abyssinian,3
0183.jpg,abyssinian,3
0184.jpg,abyssinian,1
0185.jpg,abyssinian,0
0186.jpg,abyssinian,0
0187.jpg,abyssinian,0
0188.jpg,abyssinian,3
0189.jpg,abyssinian,0
0190.jpg,abyssinian,0
0191.jpg,abyssinian,2
0192.jpg,abyssinian,4
0193.jpg,abyssinian,0
0194.jpg,abyssinian,0
0195.jpg,abyssinian,3
0196.jpg,abyssinian,0
0197.jpg,abyssinian,0
0198.jpg,abyssinian,2
0199.jpg,abyssinian,0
0200.jpg,abyssinian,0
0001.jpg,cyprus,4
0002.jpg,cyprus,3
0003.jpg,cyprus,4
0004.jpg,cyprus,2
0005.jpg,cyprus,4
0006.jpg,cyprus,3
0007.jpg,cyprus,4
0008.jpg,cyprus,3
0009.jpg,cyprus,4
0010.jpg,cyprus,1
0011.jpg,cyprus,4
0012.jpg,cyprus,0
0013.jpg,cyprus,4
0014.jpg,cyprus,4
0015.jpg,cyprus,3
0016.jpg,cyprus,4
0017.jpg,cyprus,4
0018.jpg,cyprus,4
0019.jpg,cyprus,2
0020.jpg,cyprus,3
0021.jpg,cyprus,0
0022.jpg,cyprus,4
0023.jpg,cyprus,2
0024.jpg,cyprus,4
0025.jpg,cyprus,4
0026.jpg,cyprus,4
0027.jpg,cyprus,2
0028.jpg,cyprus,4
0029.jpg,cyprus,4
0030.jpg,cyprus,4
0031.jpg,cyprus,4
0032.jpg,cyprus,3
0033.jpg,cyprus,2
0034.jpg,cyprus,0
0035.jpg,cyprus,4
0036.jpg,cyprus,4
0037.jpg,cyprus,2
0038.jpg,cyprus,4
0039.jpg,cyprus,4
0040.jpg,cyprus,4
0041.jpg,cyprus,4
0042.jpg,cyprus,4
0043.jpg,cyprus,4
0044.jpg,cyprus,3
0045.jpg,cyprus,4
0046.jpg,cyprus,4
0047.jpg,cyprus,4
0048.jpg,cyprus,4
0049.jpg,cyprus,4
0050.jpg,cyprus,4
0051.jpg,cyprus,4
0052.jpg,cyprus,2
0053.jpg,cyprus,4
0054.jpg,cyprus,3
0055.jpg,cyprus,4
0056.jpg,cyprus,4
0057.jpg,cyprus,4
0058.jpg,cyprus,2
0059.jpg,cyprus,4
0060.jpg,cyprus,4
0061.jpg,cyprus,2
0062.jpg,cyprus,3
0063.jpg,cyprus,4
0064.jpg,cyprus,4
0065.jpg,cyprus,0
0066.jpg,cyprus,4
0067.jpg,cyprus,4
0068.jpg,cyprus,0
0069.jpg,cyprus,0
0070.jpg,cyprus,2
0071.jpg,cyprus,3
0072.jpg,cyprus,4
0073.jpg,cyprus,4
0074.jpg,cyprus,4
0075.jpg,cyprus,4
0076.jpg,cyprus,0
0077.jpg,cyprus,4
0078.jpg,cyprus,4
0079.jpg,cyprus,4
0080.jpg,cyprus,4
0081.jpg,cyprus,4
0082.jpg,cyprus,3
0083.jpg,cyprus,2
0084.jpg,cyprus,4
0085.jpg,cyprus,0
0086.jpg,cyprus,4
0087.jpg,cyprus,3
0088.jpg,cyprus,3
0089.jpg,cyprus,4
0090.jpg,cyprus,0
0091.jpg,cyprus,3
0092.jpg,cyprus,0
0093.jpg,cyprus,4
0094.jpg,cyprus,3
0095.jpg,cyprus,4
0096.jpg,cyprus,3
0097.jpg,cyprus,4
0098.jpg,cyprus,4
0099.jpg,cyprus,4
0100.jpg,cyprus,0
0101.jpg,cyprus,3
0102.jpg,cyprus,4
0103.jpg,cyprus,4
0104.jpg,cyprus,4
0105.jpg,cyprus,4
0106.jpg,cyprus,4
0107.jpg,cyprus,4
0108.jpg,cyprus,3
0109.jpg,cyprus,4
0110.jpg,cyprus,2
0111.jpg,cyprus,3
0112.jpg,cyprus,3
0113.jpg,cyprus,3
0114.jpg,cyprus,4
0115.jpg,cyprus,4
0116.jpg,cyprus,3
0117.jpg,cyprus,3
0118.jpg,cyprus,4
0119.jpg,cyprus,4
0120.jpg,cyprus,3
0121.jpg,cyprus,0
0122.jpg,cyprus,0
0123.jpg,cyprus,4
0124.jpg,cyprus,0
0125.jpg,cyprus,4
0126.jpg,cyprus,4
0127.jpg,cyprus,4
0128.jpg,cyprus,4
0129.jpg,cyprus,4
0130.jpg,cyprus,4
0131.jpg,cyprus,4
0132.jpg,cyprus,3
0133.jpg,cyprus,4
0134.jpg,cyprus,3
0135.jpg,cyprus,4
0136.jpg,cyprus,3
0137.jpg,cyprus,2
0138.jpg,cyprus,4
0139.jpg,cyprus,4
0140.jpg,cyprus,4
0141.jpg,cyprus,1
0142.jpg,cyprus,3
0143.jpg,cyprus,4
0144.jpg,cyprus,3
0145.jpg,cyprus,0
0146.jpg,cyprus,4
0147.jpg,cyprus,4
0148.jpg,cyprus,4
0149.jpg,cyprus,4
0150.jpg,cyprus,2
0151.jpg,cyprus,2
0152.jpg,cyprus,4
0153.jpg,cyprus,3
0154.jpg,cyprus,4
0155.jpg,cyprus,4
0156.jpg,cyprus,4
0157.jpg,cyprus,4
0158.jpg,cyprus,4
0159.jpg,cyprus,3
0160.jpg,cyprus,0
0161.jpg,cyprus,4
0162.jpg,cyprus,2
0163.jpg,cyprus,4
0164.jpg,cyprus,3
0165.jpg,cyprus,0
0166.jpg,cyprus,4
0167.jpg,cyprus,4
0168.jpg,cyprus,1
0169.jpg,cyprus,3
0170.jpg,cyprus,3
0171.jpg,cyprus,4
0172.jpg,cyprus,4
0173.jpg,cyprus,4
0174.jpg,cyprus,4
0175.jpg,cyprus,4
0176.jpg,cyprus,4
0177.jpg,cyprus,4
0178.jpg,cyprus,4
0179.jpg,cyprus,4
0180.jpg,cyprus,3
0181.jpg,cyprus,4
0182.jpg,cyprus,4
0183.jpg,cyprus,3
0184.jpg,cyprus,0
0185.jpg,cyprus,4
0186.jpg,cyprus,4
0187.jpg,cyprus,4
0188.jpg,cyprus,4
0189.jpg,cyprus,4
0190.jpg,cyprus,0
0191.jpg,cyprus,3
0192.jpg,cyprus,4
0193.jpg,cyprus,4
0194.jpg,cyprus,4
0195.jpg,cyprus,4
0196.jpg,cyprus,0
0197.jpg,cyprus,4
0198.jpg,cyprus,4
0199.jpg,cyprus,0
0200.jpg,cyprus,3
0001.jpg,lykoi,3
0002.jpg,lykoi,1
0003.jpg,lykoi,0
0004.jpg,lykoi,0
0005.jpg,lykoi,0
0006.jpg,lykoi,2
0007.jpg,lykoi,2
0008.jpg,lykoi,2
0009.jpg,lykoi,3
0010.jpg,lykoi,2
0011.jpg,lykoi,3
0012.jpg,lykoi,3
0013.jpg,lykoi,2
0014.jpg,lykoi,0
0015.jpg,lykoi,1
0016.jpg,lykoi,3
0017.jpg,lykoi,2
0018.jpg,lykoi,0
0019.jpg,lykoi,2
0020.jpg,lykoi,3
0021.jpg,lykoi,2
0022.jpg,lykoi,3
0023.jpg,lykoi,3
0024.jpg,lykoi,2
0025.jpg,lykoi,1
0026.jpg,lykoi,1
0027.jpg,lykoi,3
0028.jpg,lykoi,3
0029.jpg,lykoi,0
0030.jpg,lykoi,3
0031.jpg,lykoi,0
0032.jpg,lykoi,4
0033.jpg,lykoi,2
0034.jpg,lykoi,0
0035.jpg,lykoi,0
0036.jpg,lykoi,0
0037.jpg,lykoi,1
0038.jpg,lykoi,2
0039.jpg,lykoi,1
0040.jpg,lykoi,3
0041.jpg,lykoi,0
0042.jpg,lykoi,0
0043.jpg,lykoi,3
0044.jpg,lykoi,2
0045.jpg,lykoi,4
0046.jpg,lykoi,2
0047.jpg,lykoi,4
0048.jpg,lykoi,3
0049.jpg,lykoi,1
0050.jpg,lykoi,1
0051.jpg,lykoi,0
0052.jpg,lykoi,1
0053.jpg,lykoi,0
0054.jpg,lykoi,0
0055.jpg,lykoi,3
0056.jpg,lykoi,2
0057.jpg,lykoi,1
0058.jpg,lykoi,0
0059.jpg,lykoi,0
0060.jpg,lykoi,3
0061.jpg,lykoi,2
0062.jpg,lykoi,2
0063.jpg,lykoi,3
0064.jpg,lykoi,0
0065.jpg,lykoi,2
0066.jpg,lykoi,2
0067.jpg,lykoi,3
0068.jpg,lykoi,1
0069.jpg,lykoi,2
0070.jpg,lykoi,2
0071.jpg,lykoi,2
0072.jpg,lykoi,4
0073.jpg,lykoi,2
0074.jpg,lykoi,0
0075.jpg,lykoi,3
0076.jpg,lykoi,1
0077.jpg,lykoi,1
0078.jpg,lykoi,2
0079.jpg,lykoi,1
0080.jpg,lykoi,0
0081.jpg,lykoi,4
0082.jpg,lykoi,3
0083.jpg,lykoi,0
0084.jpg,lykoi,3
0085.jpg,lykoi,0
0086.jpg,lykoi,3
0087.jpg,lykoi,0
0088.jpg,lykoi,3
0089.jpg,lykoi,0
0090.jpg,lykoi,4
0091.jpg,lykoi,1
0092.jpg,lykoi,0
0093.jpg,lykoi,0
0094.jpg,lykoi,2
0095.jpg,lykoi,2
0096.jpg,lykoi,2
0097.jpg,lykoi,2
0098.jpg,lykoi,3
0099.jpg,lykoi,3
0100.jpg,lykoi,1
0101.jpg,lykoi,3
0102.jpg,lykoi,1
0103.jpg,lykoi,3
0104.jpg,lykoi,4
0105.jpg,lykoi,3
0106.jpg,lykoi,1
0107.jpg,lykoi,2
0108.jpg,lykoi,0
0109.jpg,lykoi,4
0110.jpg,lykoi,0
0111.jpg,lykoi,1
0112.jpg,lykoi,0
0113.jpg,lykoi,3
0114.jpg,lykoi,3
0115.jpg,lykoi,1
0116.jpg,lykoi,3
0117.jpg,lykoi,4
0118.jpg,lykoi,0
0119.jpg,lykoi,3
0120.jpg,lykoi,0
0121.jpg,lykoi,2
0122.jpg,lykoi,0
0123.jpg,lykoi,3
0124.jpg,lykoi,3
0125.jpg,lykoi,2
0126.jpg,lykoi,2
0127.jpg,lykoi,1
0128.jpg,lykoi,0
0129.jpg,lykoi,0
0130.jpg,lykoi,3
0131.jpg,lykoi,0
0132.jpg,lykoi,3
0133.jpg,lykoi,2
0134.jpg,lykoi,1
0135.jpg,lykoi,1
0136.jpg,lykoi,0
0137.jpg,lykoi,3
0138.jpg,lykoi,2
0139.jpg,lykoi,2
0140.jpg,lykoi,2
0141.jpg,lykoi,3
0142.jpg,lykoi,3
0143.jpg,lykoi,0
0144.jpg,lykoi,4
0145.jpg,lykoi,0
0146.jpg,lykoi,2
0147.jpg,lykoi,1
0148.jpg,lykoi,3
0149.jpg,lykoi,2
0150.jpg,lykoi,3
0151.jpg,lykoi,0
0152.jpg,lykoi,1
0153.jpg,lykoi,3
0154.jpg,lykoi,3
0155.jpg,lykoi,0
0156.jpg,lykoi,2
0157.jpg,lykoi,2
0158.jpg,lykoi,0
0159.jpg,lykoi,3
0160.jpg,lykoi,3
0161.jpg,lykoi,3
0162.jpg,lykoi,2
0163.jpg,lykoi,1
0164.jpg,lykoi,3
0165.jpg,lykoi,0
0166.jpg,lykoi,3
0167.jpg,lykoi,0
0168.jpg,lykoi,1
0169.jpg,lykoi,4
0170.jpg,lykoi,1
0171.jpg,lykoi,2
0172.jpg,lykoi,2
0173.jpg,lykoi,3
0174.jpg,lykoi,2
0175.jpg,lykoi,3
0176.jpg,lykoi,3
0177.jpg,lykoi,3
0178.jpg,lykoi,1
0179.jpg,lykoi,2
0180.jpg,lykoi,0
0181.jpg,lykoi,1
0182.jpg,lykoi,3
0183.jpg,lykoi,2
0184.jpg,lykoi,2
0185.jpg,lykoi,1
0186.jpg,lykoi,1
0187.jpg,lykoi,2
0188.jpg,lykoi,0
0189.jpg,lykoi,2
0190.jpg,lykoi,1
0191.jpg,lykoi,2
0192.jpg,lykoi,1
0193.jpg,lykoi,3
0194.jpg,lykoi,3
0195.jpg,lykoi,0
0196.jpg,lykoi,3
0197.jpg,lykoi,3
0198.jpg,lykoi,2
0199.jpg,lykoi,2
0200.jpg,lykoi,3
0001.jpg,donskoy,1
0002.jpg,donskoy,3
0003.jpg,donskoy,0
0004.jpg,donskoy,0
0005.jpg,donskoy,3
0006.jpg,donskoy,3
0007.jpg,donskoy,2
0008.jpg,donskoy,0
0009.jpg,donskoy,0
0010.jpg,donskoy,2
0011.jpg,donskoy,3
0012.jpg,donskoy,0
0013.jpg,donskoy,0
0014.jpg,donskoy,0
0015.jpg,donskoy,2
0016.jpg,donskoy,3
0017.jpg,donskoy,0
0018.jpg,donskoy,0
0019.jpg,donskoy,0
0020.jpg,donskoy,4
0021.jpg,donskoy,1
0022.jpg,donskoy,2
0023.jpg,donskoy,0
0024.jpg,donskoy,4
0025.jpg,donskoy,0
0026.jpg,donskoy,0
0027.jpg,donskoy,2
0028.jpg,donskoy,2
0029.jpg,donskoy,2
0030.jpg,donskoy,1
0031.jpg,donskoy,0
0032.jpg,donskoy,3
0033.jpg,donskoy,0
0034.jpg,donskoy,1
0035.jpg,donskoy,3
0036.jpg,donskoy,2
0037.jpg,donskoy,3
0038.jpg,donskoy,0
0039.jpg,donskoy,2
0040.jpg,donskoy,2
0041.jpg,donskoy,2
0042.jpg,donskoy,2
0043.jpg,donskoy,0
0044.jpg,donskoy,3
0045.jpg,donskoy,2
0046.jpg,donskoy,2
0047.jpg,donskoy,3
0048.jpg,donskoy,0
0049.jpg,donskoy,0
0050.jpg,donskoy,3
0051.jpg,donskoy,3
0052.jpg,donskoy,0
0053.jpg,donskoy,4
0054.jpg,donskoy,0
0055.jpg,donskoy,1
0056.jpg,donskoy,2
0057.jpg,donskoy,0
0058.jpg,donskoy,2
0059.jpg,donskoy,3
0060.jpg,donskoy,0
0061.jpg,donskoy,1
0062.jpg,donskoy,3
0063.jpg,donskoy,3
0064.jpg,donskoy,2
0065.jpg,donskoy,0
0066.jpg,donskoy,3
0067.jpg,donskoy,2
0068.jpg,donskoy,3
0069.jpg,donskoy,0
0070.jpg,donskoy,0
0071.jpg,donskoy,0
0072.jpg,donskoy,0
0073.jpg,donskoy,2
0074.jpg,donskoy,3
0075.jpg,donskoy,0
0076.jpg,donskoy,3
0077.jpg,donskoy,4
0078.jpg,donskoy,0
0079.jpg,donskoy,3
0080.jpg,donskoy,2
0081.jpg,donskoy,2
0082.jpg,donskoy,4
0083.jpg,donskoy,2
0084.jpg,donskoy,3
0085.jpg,donskoy,2
0086.jpg,donskoy,2
0087.jpg,donskoy,2
0088.jpg,donskoy,3
0089.jpg,donskoy,2
0090.jpg,donskoy,3
0091.jpg,donskoy,0
0092.jpg,donskoy,1
0093.jpg,donskoy,0
0094.jpg,donskoy,2
0095.jpg,donskoy,1
0096.jpg,donskoy,2
0097.jpg,donskoy,3
0098.jpg,donskoy,3
0099.jpg,donskoy,3
0100.jpg,donskoy,3
0101.jpg,donskoy,0
0102.jpg,donskoy,0
0103.jpg,donskoy,0
0104.jpg,donskoy,2
0105.jpg,donskoy,3
0106.jpg,donskoy,2
0107.jpg,donskoy,3
0108.jpg,donskoy,2
0109.jpg,donskoy,2
0110.jpg,donskoy,2
0111.jpg,donskoy,0
0112.jpg,donskoy,2
0113.jpg,donskoy,4
0114.jpg,donskoy,0
0115.jpg,donskoy,0
0116.jpg,donskoy,2
0117.jpg,donskoy,0
0118.jpg,donskoy,3
0119.jpg,donskoy,3
0120.jpg,donskoy,3
0121.jpg,donskoy,0
0122.jpg,donskoy,2
0123.jpg,donskoy,0
0124.jpg,donskoy,3
0125.jpg,donskoy,2
0126.jpg,donskoy,0
0127.jpg,donskoy,2
0128.jpg,donskoy,3
0129.jpg,donskoy,2
0130.jpg,donskoy,1
0131.jpg,donskoy,2
0132.jpg,donskoy,0
0133.jpg,donskoy,2
0134.jpg,donskoy,1
0135.jpg,donskoy,4
0136.jpg,donskoy,0
0137.jpg,donskoy,2
0138.jpg,donskoy,1
0139.jpg,donskoy,1
0140.jpg,donskoy,0
0141.jpg,donskoy,3
0142.jpg,donskoy,2
0143.jpg,donskoy,2
0144.jpg,donskoy,3
0145.jpg,donskoy,0
0146.jpg,donskoy,2
0147.jpg,donskoy,2
0148.jpg,donskoy,0
0149.jpg,donskoy,3
0150.jpg,donskoy,2
0151.jpg,donskoy,2
0152.jpg,donskoy,0
0153.jpg,donskoy,0
0154.jpg,donskoy,0
0155.jpg,donskoy,0
0156.jpg,donskoy,0
0157.jpg,donskoy,0
0158.jpg,donskoy,2
0159.jpg,donskoy,0
0160.jpg,donskoy,2
0161.jpg,donskoy,2
0162.jpg,donskoy,2
0163.jpg,donskoy,2
0164.jpg,donskoy,2
0165.jpg,donskoy,4
0166.jpg,donskoy,2
0167.jpg,donskoy,2
0168.jpg,donskoy,2
0169.jpg,donskoy,2
0170.jpg,donskoy,0
0171.jpg,donskoy,3
0172.jpg,donskoy,1
0173.jpg,donskoy,1
0174.jpg,donskoy,0
0175.jpg,donskoy,0
0176.jpg,donskoy,2
0177.jpg,donskoy,2
0178.jpg,donskoy,0
0179.jpg,donskoy,2
0180.jpg,donskoy,3
0181.jpg,donskoy,2
0182.jpg,donskoy,3
0183.jpg,donskoy,0
0184.jpg,donskoy,0
0185.jpg,donskoy,3
0186.jpg,donskoy,2
0187.jpg,donskoy,2
0188.jpg,donskoy,3
0189.jpg,donskoy,0
0190.jpg,donskoy,2
0191.jpg,donskoy,3
0192.jpg,donskoy,3
0193.jpg,donskoy,0
0194.jpg,donskoy,0
0195.jpg,donskoy,3
0196.jpg,donskoy,3
0197.jpg,donskoy,0
0198.jpg,donskoy,2
0199.jpg,donskoy,3
0200.jpg,donskoy,0
0001.jpg,chausie,2
0002.jpg,chausie,3
0003.jpg,chausie,2
0004.jpg,chausie,3
0005.jpg,chausie,2
0006.jpg,chausie,3
0007.jpg,chausie,0
0008.jpg,chausie,0
0009.jpg,chausie,0
0010.jpg,chausie,3
0011.jpg,chausie,2
0012.jpg,chausie,3
0013.jpg,chausie,2
0014.jpg,chausie,0
0015.jpg,chausie,2
0016.jpg,chausie,3
0017.jpg,chausie,1
0018.jpg,chausie,0
0019.jpg,chausie,0
0020.jpg,chausie,2
0021.jpg,chausie,0
0022.jpg,chausie,1
0023.jpg,chausie,2
0024.jpg,chausie,1
0025.jpg,chausie,2
0026.jpg,chausie,2
0027.jpg,chausie,2
0028.jpg,chausie,2
0029.jpg,chausie,0
0030.jpg,chausie,1
0031.jpg,chausie,2
0032.jpg,chausie,1
0033.jpg,chausie,2
0034.jpg,chausie,1
0035.jpg,chausie,3
0036.jpg,chausie,2
0037.jpg,chausie,0
0038.jpg,chausie,2
0039.jpg,chausie,3
0040.jpg,chausie,3
0041.jpg,chausie,0
0042.jpg,chausie,2
0043.jpg,chausie,0
0044.jpg,chausie,0
0045.jpg,chausie,1
0046.jpg,chausie,0
0047.jpg,chausie,0
0048.jpg,chausie,2
0049.jpg,chausie,3
0050.jpg,chausie,0
0051.jpg,chausie,2
0052.jpg,chausie,0
0053.jpg,chausie,0
0054.jpg,chausie,1
0055.jpg,chausie,0
0056.jpg,chausie,3
0057.jpg,chausie,2
0058.jpg,chausie,1
0059.jpg,chausie,2
0060.jpg,chausie,0
0061.jpg,chausie,3
0062.jpg,chausie,3
0063.jpg,chausie,0
0064.jpg,chausie,3
0065.jpg,chausie,1
0066.jpg,chausie,2
0067.jpg,chausie,1
0068.jpg,chausie,2
0069.jpg,chausie,3
0070.jpg,chausie,3
0071.jpg,chausie,3
0072.jpg,chausie,1
0073.jpg,chausie,0
0074.jpg,chausie,0
0075.jpg,chausie,0
0076.jpg,chausie,0
0077.jpg,chausie,1
0078.jpg,chausie,3
0079.jpg,chausie,2
0080.jpg,chausie,0
0081.jpg,chausie,0
0082.jpg,chausie,2
0083.jpg,chausie,1
0084.jpg,chausie,4
0085.jpg,chausie,0
0086.jpg,chausie,2
0087.jpg,chausie,0
0088.jpg,chausie,1
0089.jpg,chausie,2
0090.jpg,chausie,2
0091.jpg,chausie,0
0092.jpg,chausie,0
0093.jpg,chausie,1
0094.jpg,chausie,2
0095.jpg,chausie,0
0096.jpg,chausie,0
0097.jpg,chausie,1
0098.jpg,chausie,3
0099.jpg,chausie,0
0100.jpg,chausie,0
0101.jpg,chausie,2
0102.jpg,chausie,2
0103.jpg,chausie,2
0104.jpg,chausie,3
0105.jpg,chausie,0
0106.jpg,chausie,1
0107.jpg,chausie,3
0108.jpg,chausie,0
0109.jpg,chausie,0
0110.jpg,chausie,0
0111.jpg,chausie,1
0112.jpg,chausie,3
0113.jpg,chausie,3
0114.jpg,chausie,0
0115.jpg,chausie,0
0116.jpg,chausie,3
0117.jpg,chausie,3
0118.jpg,chausie,2
0119.jpg,chausie,2
0120.jpg,chausie,3
0121.jpg,chausie,2
0122.jpg,chausie,0
0123.jpg,chausie,4
0124.jpg,chausie,1
0125.jpg,chausie,2
0126.jpg,chausie,1
0127.jpg,chausie,3
0128.jpg,chausie,0
0129.jpg,chausie,3
0130.jpg,chausie,0
0131.jpg,chausie,2
0132.jpg,chausie,3
0133.jpg,chausie,1
0134.jpg,chausie,0
0135.jpg,chausie,3
0136.jpg,chausie,1
0137.jpg,chausie,3
0138.jpg,chausie,1
0139.jpg,chausie,4
0140.jpg,chausie,2
0141.jpg,chausie,3
0142.jpg,chausie,0
0143.jpg,chausie,0
0144.jpg,chausie,1
0145.jpg,chausie,2
0146.jpg,chausie,4
0147.jpg,chausie,1
0148.jpg,chausie,1
0149.jpg,chausie,0
0150.jpg,chausie,1
0151.jpg,chausie,0
0152.jpg,chausie,0
0153.jpg,chausie,0
0154.jpg,chausie,0
0155.jpg,chausie,1
0156.jpg,chausie,0
0157.jpg,chausie,4
0158.jpg,chausie,0
0159.jpg,chausie,3
0160.jpg,chausie,0
0161.jpg,chausie,0
0162.jpg,chausie,3
0163.jpg,chausie,0
0164.jpg,chausie,0
0165.jpg,chausie,0
0166.jpg,chausie,2
0167.jpg,chausie,0
0168.jpg,chausie,3
0169.jpg,chausie,1
0170.jpg,chausie,2
0171.jpg,chausie,2
0172.jpg,chausie,2
0173.jpg,chausie,0
0174.jpg,chausie,2
0175.jpg,chausie,3
0176.jpg,chausie,2
0177.jpg,chausie,1
0178.jpg,chausie,1
0179.jpg,chausie,0
0180.jpg,chausie,2
0181.jpg,chausie,0
0182.jpg,chausie,2
0183.jpg,chausie,0
0184.jpg,chausie,2
0185.jpg,chausie,0
0186.jpg,chausie,0
0187.jpg,chausie,0
0188.jpg,chausie,3
0189.jpg,chausie,1
0190.jpg,chausie,0
0191.jpg,chausie,0
0192.jpg,chausie,0
0193.jpg,chausie,0
0194.jpg,chausie,1
0195.jpg,chausie,3
0196.jpg,chausie,2
0197.jpg,chausie,0
0198.jpg,chausie,1
0199.jpg,chausie,2
0200.jpg,chausie,0
